Product Name,Reviews,Aspects,Sentiment
"Arni 3 in 1 Large Sink Set Dish Rack Drainer with Tray for Kitchen,Dish Rack Organizers, Plastic Kitchen Rack Dish Drainer Kitchen Rack (Plastic) Dish Drainer Kitchen Rack  (Plastic)","Sink side dish rack drainer  I found the produce, dish rack drainer very handy, no mess around with usual water spill. Leaves the place dry. I would strongly recommend to buy this product.",product,Negative
"Arni 3 in 1 Large Sink Set Dish Rack Drainer with Tray for Kitchen,Dish Rack Organizers, Plastic Kitchen Rack Dish Drainer Kitchen Rack (Plastic) Dish Drainer Kitchen Rack  (Plastic)",Compact dish rack drainer  Quality and compact drainer for small family... Thank you Snapdeal team...,"deal, quality",Positive
"Arni 3 in 1 Large Sink Set Dish Rack Drainer with Tray for Kitchen,Dish Rack Organizers, Plastic Kitchen Rack Dish Drainer Kitchen Rack (Plastic) Dish Drainer Kitchen Rack  (Plastic)","Small but useful.  Although somewhat small in size, but still it will solve the purpose. Moreover, it's made with good quality material & nice manufacturing design.","design, size, material, useful, quality",Positive
"Arni 3 in 1 Large Sink Set Dish Rack Drainer with Tray for Kitchen,Dish Rack Organizers, Plastic Kitchen Rack Dish Drainer Kitchen Rack (Plastic) Dish Drainer Kitchen Rack  (Plastic)",snapdeal  Good product worth buying,"deal, product, worth",Positive
"Arni 3 in 1 Large Sink Set Dish Rack Drainer with Tray for Kitchen,Dish Rack Organizers, Plastic Kitchen Rack Dish Drainer Kitchen Rack (Plastic) Dish Drainer Kitchen Rack  (Plastic)",dish rack drainer  It's good for a small family.,None,Positive
"Arni 3 in 1 Large Sink Set Dish Rack Drainer with Tray for Kitchen,Dish Rack Organizers, Plastic Kitchen Rack Dish Drainer Kitchen Rack (Plastic) Dish Drainer Kitchen Rack  (Plastic)",Arni 3 in one  Very good product üëç,product,Positive
"Arni 3 in 1 Large Sink Set Dish Rack Drainer with Tray for Kitchen,Dish Rack Organizers, Plastic Kitchen Rack Dish Drainer Kitchen Rack (Plastic) Dish Drainer Kitchen Rack  (Plastic)",Good sturdy  Like it good quality and looks good too.,"look, quality",Positive
"Arni 3 in 1 Large Sink Set Dish Rack Drainer with Tray for Kitchen,Dish Rack Organizers, Plastic Kitchen Rack Dish Drainer Kitchen Rack (Plastic) Dish Drainer Kitchen Rack  (Plastic)",Excellent üëå  This product is excellent üëå quality is also good.,"product, quality",Positive
"Arni 3 in 1 Large Sink Set Dish Rack Drainer with Tray for Kitchen,Dish Rack Organizers, Plastic Kitchen Rack Dish Drainer Kitchen Rack (Plastic) Dish Drainer Kitchen Rack  (Plastic)",Dish rack drainer  Fully satisfied with the product. Good quality.,"satisf, product, quality",Positive
"Arni 3 in 1 Large Sink Set Dish Rack Drainer with Tray for Kitchen,Dish Rack Organizers, Plastic Kitchen Rack Dish Drainer Kitchen Rack (Plastic) Dish Drainer Kitchen Rack  (Plastic)",Everything fine  I like the product,product,Positive
"Nut Toppers Arabian Dates, 800 g (400g x 2)","Oct 13, 2022Thank You So Much Snapdeal ‚ù§Ô∏è‚ù§Ô∏è‚ù§Ô∏èüòçüòçüòçProduct Quality Very Good","deal, product, quality",Positive
"Nut Toppers Arabian Dates, 800 g (400g x 2)",Bad doesn't eat Worrest quality product,"product, quality",Negative
"Nut Toppers Arabian Dates, 800 g (400g x 2)",Quality is very worst.  Dates is poor quality.,quality,Negative
"Nut Toppers Arabian Dates, 800 g (400g x 2)","Poor quality of dates  Quality of the dates are not expected, expensive when it compares to quality of the product.","product, quality",Negative
"Nut Toppers Arabian Dates, 800 g (400g x 2)",Poor quality  Sub standard items Ican not like your product Remember want good product,"product, item, quality",Negative
"Nut Toppers Arabian Dates, 800 g (400g x 2)",Dates  Very Bad quality is worse,quality,Negative
"Nut Toppers Arabian Dates, 800 g (400g x 2)",Bad doesn't eat  Worrest quality product,"product, quality",Negative
"Nut Toppers Arabian Dates, 800 g (400g x 2)",Tasty  Good .but shoul not increase price,price,Negative
"Nut Toppers Arabian Dates, 800 g (400g x 2)",Thank You So Much Snapdeal ‚ù§Ô∏è‚ù§Ô∏è‚ù§Ô∏èüòçüòçüòç Product Quality Very Good,"deal, product, quality",Positive
"Nut Toppers Arabian Dates, 800 g (400g x 2)",Bad smells  Poor quality,quality,Negative
DAKADU Pack of 18 Adhesive Hooks for Walls Heavy Duty Utility Hook Transparent Reusable No Drill Wall Hangers for Key Holder Calendars Photo Frame Cloth Decoration Kitchen Tools Bathroom,"Best adhesive hooks quality is good  Isn't best for bathroom, kitchen...",quality,Positive
DAKADU Pack of 18 Adhesive Hooks for Walls Heavy Duty Utility Hook Transparent Reusable No Drill Wall Hangers for Key Holder Calendars Photo Frame Cloth Decoration Kitchen Tools Bathroom,BEST PRODUCT  BEST PRODUCT,product,Positive
DAKADU Pack of 18 Adhesive Hooks for Walls Heavy Duty Utility Hook Transparent Reusable No Drill Wall Hangers for Key Holder Calendars Photo Frame Cloth Decoration Kitchen Tools Bathroom,Sandar  Good itam thanks,None,Positive
DAKADU Pack of 18 Adhesive Hooks for Walls Heavy Duty Utility Hook Transparent Reusable No Drill Wall Hangers for Key Holder Calendars Photo Frame Cloth Decoration Kitchen Tools Bathroom,Good quality  Great hoocks but little bit expensive,quality,Positive
DAKADU Pack of 18 Adhesive Hooks for Walls Heavy Duty Utility Hook Transparent Reusable No Drill Wall Hangers for Key Holder Calendars Photo Frame Cloth Decoration Kitchen Tools Bathroom,Excellent  Valuable money to good,None,Positive
DAKADU Pack of 18 Adhesive Hooks for Walls Heavy Duty Utility Hook Transparent Reusable No Drill Wall Hangers for Key Holder Calendars Photo Frame Cloth Decoration Kitchen Tools Bathroom,Thanks  Awesome ‚ù§Ô∏è,None,Positive
DAKADU Pack of 18 Adhesive Hooks for Walls Heavy Duty Utility Hook Transparent Reusable No Drill Wall Hangers for Key Holder Calendars Photo Frame Cloth Decoration Kitchen Tools Bathroom,"Useful thing  My guess is right,really it is very good üëç",useful,Positive
DAKADU Pack of 18 Adhesive Hooks for Walls Heavy Duty Utility Hook Transparent Reusable No Drill Wall Hangers for Key Holder Calendars Photo Frame Cloth Decoration Kitchen Tools Bathroom,Dakadu  Useful house hold product.,"useful, product",Positive
DAKADU Pack of 18 Adhesive Hooks for Walls Heavy Duty Utility Hook Transparent Reusable No Drill Wall Hangers for Key Holder Calendars Photo Frame Cloth Decoration Kitchen Tools Bathroom,Product is very poor bcoz huook are not hanging weight.  Product is very poor. Bad quality.,"product, weight, quality",Negative
DAKADU Pack of 18 Adhesive Hooks for Walls Heavy Duty Utility Hook Transparent Reusable No Drill Wall Hangers for Key Holder Calendars Photo Frame Cloth Decoration Kitchen Tools Bathroom,Very good  Very very nice,None,Positive
Leakage Repair Waterproof Tape for Pipe Leakage Roof Water Leakage Solution Alum - Silver Single Sided Duct Tape ( Pack of 1 ),Unsuccessful repair leaks..  Cannot open the tape roll to paste damaged area.Bad quality purpose not served..,quality,Negative
Leakage Repair Waterproof Tape for Pipe Leakage Roof Water Leakage Solution Alum - Silver Single Sided Duct Tape ( Pack of 1 ),quality  unproffesional and it wasnt waterproff at all,quality,Neutral
Leakage Repair Waterproof Tape for Pipe Leakage Roof Water Leakage Solution Alum - Silver Single Sided Duct Tape ( Pack of 1 ),Very very poor quality  Not working in proper form very bad,quality,Negative
Leakage Repair Waterproof Tape for Pipe Leakage Roof Water Leakage Solution Alum - Silver Single Sided Duct Tape ( Pack of 1 ),Very poor quality  Very bad quality,quality,Negative
Leakage Repair Waterproof Tape for Pipe Leakage Roof Water Leakage Solution Alum - Silver Single Sided Duct Tape ( Pack of 1 ),No quality  I'm not happy with this no quality,quality,Negative
Leakage Repair Waterproof Tape for Pipe Leakage Roof Water Leakage Solution Alum - Silver Single Sided Duct Tape ( Pack of 1 ),It's OK It's perfect for for stop leakage,None,Positive
Leakage Repair Waterproof Tape for Pipe Leakage Roof Water Leakage Solution Alum - Silver Single Sided Duct Tape ( Pack of 1 ),"Poor quality  Not aure seems to be old, gum not at all working. Not sticking to any of the surface.",quality,Negative
Leakage Repair Waterproof Tape for Pipe Leakage Roof Water Leakage Solution Alum - Silver Single Sided Duct Tape ( Pack of 1 ),Not good product This is not at all use for my leakage ceiling.i have put the layers of this waterproof tapes but it did not remain for 15 mins.that whole tapes came o read more,product,Negative
Leakage Repair Waterproof Tape for Pipe Leakage Roof Water Leakage Solution Alum - Silver Single Sided Duct Tape ( Pack of 1 ),Bad quality  Very bad quality,quality,Negative
Leakage Repair Waterproof Tape for Pipe Leakage Roof Water Leakage Solution Alum - Silver Single Sided Duct Tape ( Pack of 1 ),"Weast of this product  Don't buy this product,,,,,",product,Neutral
Ezzi Deals 360 Degree Rotating Magic Bucket Spin Mop Set  (Color as per availability),Ezzi mop as the name itself suggests!!  As the name itself suggests it is seriously very easy to assemble and use it too. It is very user friendly. It is light in weight and also we can remove the excess water easily by spinning the mop. It is very reasonably priced too. Keep rocking Snapdeal!! I have had a great experience shopping at Snapdeal as always.,"easy, deal, price, weight",Positive
Ezzi Deals 360 Degree Rotating Magic Bucket Spin Mop Set  (Color as per availability),Ezzi Deals 360 Degree Rotating Magic Bucket Mop  Great Buy!!! Value for money. Easy to use,"deal, easy",Positive
Ezzi Deals 360 Degree Rotating Magic Bucket Spin Mop Set  (Color as per availability),"Mar 22, 2016Excellent Productvery useful and makes my work easier. Good product .","useful, product",Positive
Ezzi Deals 360 Degree Rotating Magic Bucket Spin Mop Set  (Color as per availability),Excellent Product  very useful and makes my work easier. Good product .,"useful, product",Positive
Ezzi Deals 360 Degree Rotating Magic Bucket Spin Mop Set  (Color as per availability),Awesome product  It save time cleans floor very well and thus is a good product,product,Positive
Ezzi Deals 360 Degree Rotating Magic Bucket Spin Mop Set  (Color as per availability),Very nice product  Very nice product.. I m satisfied with this product.,"satisf, product",Positive
Ezzi Deals 360 Degree Rotating Magic Bucket Spin Mop Set  (Color as per availability),360 degree rotating magic bucket mop  I like this product vry much n specially snapdeal service its replacement process is so easy n awesome.. And delivery is vry fast,"delivery, deal, service, product, easy",Positive
Ezzi Deals 360 Degree Rotating Magic Bucket Spin Mop Set  (Color as per availability),Excellent service  Good qualities and timeline delivery excellent service centre costumer,"service, delivery",Positive
Ezzi Deals 360 Degree Rotating Magic Bucket Spin Mop Set  (Color as per availability),"All round saviour  It is light and easy to use, Easily slides in all nook and corner and gives you an effortless experience",easy,Positive
Ezzi Deals 360 Degree Rotating Magic Bucket Spin Mop Set  (Color as per availability),Super  Super rrrrrtttttttt,None,Positive
Gazal Fashions - Wine Banarasi Silk Saree With Blouse Piece ( Pack of 1 ),Product quality very good üëåüëå  Ek number sari product quality Awesome üëçüëåüëå,"product, quality",Positive
Gazal Fashions - Wine Banarasi Silk Saree With Blouse Piece ( Pack of 1 ),Good product  Nice quality,"product, quality",Positive
Gazal Fashions - Wine Banarasi Silk Saree With Blouse Piece ( Pack of 1 ),Very good quality  Very good10,quality,Positive
Gazal Fashions - Wine Banarasi Silk Saree With Blouse Piece ( Pack of 1 ),Very very nice  Beautiful product,product,Positive
Gazal Fashions - Wine Banarasi Silk Saree With Blouse Piece ( Pack of 1 ),Great deal  This is very nice product and color also price is also good.,"deal, product, price",Positive
Gazal Fashions - Wine Banarasi Silk Saree With Blouse Piece ( Pack of 1 ),Nice product  Satisfactory,"satisf, product",Positive
Gazal Fashions - Wine Banarasi Silk Saree With Blouse Piece ( Pack of 1 ),Great deal  The meterial of this saree is the same soon I like this product worth it,"deal, product, worth",Positive
Gazal Fashions - Wine Banarasi Silk Saree With Blouse Piece ( Pack of 1 ),Khub sundar  Verry good,None,Positive
Gazal Fashions - Wine Banarasi Silk Saree With Blouse Piece ( Pack of 1 ),Good cloth  Nice colour,"colour, cloth",Positive
Gazal Fashions - Wine Banarasi Silk Saree With Blouse Piece ( Pack of 1 ),"Attractive Product.  I GAVE IT AS A GIFT TO SOMEONE, AND SHE HAS SATISFIED THAT IS ENOUGH FOR ME. TQ.","satisf, product",Positive
RAGE GAZE - Brown PU Men's Regular Wallet ( Pack of 1 ),Card cover Looks very cheap product.,"product, look",Neutral
RAGE GAZE - Brown PU Men's Regular Wallet ( Pack of 1 ),"Awesome ! That product is awesome very nice a a good quality and as well the delivery , packaging , are also very nice it's a very good deal the wallet is read more","delivery, deal, product, pack, quality",Positive
RAGE GAZE - Brown PU Men's Regular Wallet ( Pack of 1 ),Wallet  Not good product,product,Negative
RAGE GAZE - Brown PU Men's Regular Wallet ( Pack of 1 ),"Aug 31, 2022Very good qualityOsm quality",quality,Positive
RAGE GAZE - Brown PU Men's Regular Wallet ( Pack of 1 ),Very small size  Money waste,size,Negative
RAGE GAZE - Brown PU Men's Regular Wallet ( Pack of 1 ),Card cover  Looks very cheap product.,"product, look",Neutral
RAGE GAZE - Brown PU Men's Regular Wallet ( Pack of 1 ),sharmaji  Bad Quality and no space in this wallet so small,quality,Negative
RAGE GAZE - Brown PU Men's Regular Wallet ( Pack of 1 ),"Worst experience  In image it was big ,but it's very small n not nice",None,Negative
RAGE GAZE - Brown PU Men's Regular Wallet ( Pack of 1 ),Ritun  Pasand nahi hai on,None,Neutral
RAGE GAZE - Brown PU Men's Regular Wallet ( Pack of 1 ),Very small size  Verry small size product,"size, product",Neutral
"SH NASIMA - Home Storage Cloth Bags, Saree, Suits, Blouse, Blanket Organiser for Underbed, Almirah (Pack of 3)",home Storage Cloth Bags  quality very bad,"cloth, quality",Negative
"SH NASIMA - Home Storage Cloth Bags, Saree, Suits, Blouse, Blanket Organiser for Underbed, Almirah (Pack of 3)",Not of my expectations  The boxes need bit of stiffness on all sides.The bottom needs a sid support card board or any stiff material for ease of handling and packing.,"material, pack",Positive
"SH NASIMA - Home Storage Cloth Bags, Saree, Suits, Blouse, Blanket Organiser for Underbed, Almirah (Pack of 3)",It's aa low quality product It's a poor quality cloth cover,"product, cloth, quality",Negative
"SH NASIMA - Home Storage Cloth Bags, Saree, Suits, Blouse, Blanket Organiser for Underbed, Almirah (Pack of 3)",Quality  There is no propersupport and quality is not as expected.,quality,Negative
"SH NASIMA - Home Storage Cloth Bags, Saree, Suits, Blouse, Blanket Organiser for Underbed, Almirah (Pack of 3)",Quality  Not strong plastic as i expected,quality,Negative
"SH NASIMA - Home Storage Cloth Bags, Saree, Suits, Blouse, Blanket Organiser for Underbed, Almirah (Pack of 3)",Quality  Poor very bad,quality,Negative
"SH NASIMA - Home Storage Cloth Bags, Saree, Suits, Blouse, Blanket Organiser for Underbed, Almirah (Pack of 3)",Quality not good  I see this item in photo but actually received this item I am not satisfied,"satisf, item, quality",Negative
"SH NASIMA - Home Storage Cloth Bags, Saree, Suits, Blouse, Blanket Organiser for Underbed, Almirah (Pack of 3)","Shnasima Good quality, useful products","useful, product, quality",Positive
"SH NASIMA - Home Storage Cloth Bags, Saree, Suits, Blouse, Blanket Organiser for Underbed, Almirah (Pack of 3)",Quality is not too good but ok  Money valued,quality,Positive
"SH NASIMA - Home Storage Cloth Bags, Saree, Suits, Blouse, Blanket Organiser for Underbed, Almirah (Pack of 3)",Poor material and very small size  Poor quality,"size, material, quality",Negative
Topware Faux Leather Brown Casual Regular Wallet Leather Brown Casual Regular Wallet,Good quality  Nice good price,"price, quality",Positive
Topware Faux Leather Brown Casual Regular Wallet Leather Brown Casual Regular Wallet,"Nov 17, 2019Good123That much not good,it's very hard ,not smooth ..but ok ok product.tq Snapdeal.","deal, product",Negative
Topware Faux Leather Brown Casual Regular Wallet Leather Brown Casual Regular Wallet,Leather brown wallet  Good quality,quality,Positive
Topware Faux Leather Brown Casual Regular Wallet Leather Brown Casual Regular Wallet,Nice quality  Quick delivery I love Snapdeal thank you so much,"deal, delivery, quality",Positive
Topware Faux Leather Brown Casual Regular Wallet Leather Brown Casual Regular Wallet,Good product  Good product,product,Positive
Topware Faux Leather Brown Casual Regular Wallet Leather Brown Casual Regular Wallet,"Wallet  Nice üëç, worth to buy this wallet.",worth,Positive
Topware Faux Leather Brown Casual Regular Wallet Leather Brown Casual Regular Wallet,Dali Chand  Very good Very nice,None,Positive
Topware Faux Leather Brown Casual Regular Wallet Leather Brown Casual Regular Wallet,Ranjith  Good supply for Good's,None,Positive
Topware Faux Leather Brown Casual Regular Wallet Leather Brown Casual Regular Wallet,"Sep 20, 2019best producti love this product",product,Positive
Topware Faux Leather Brown Casual Regular Wallet Leather Brown Casual Regular Wallet,Nice quality  Good product,"product, quality",Positive
Sambhav Deals - Tan PU Men's Regular Wallet ( Pack of 1 ),Wallet  Goodquality,quality,Neutral
Sambhav Deals - Tan PU Men's Regular Wallet ( Pack of 1 ),Fantastic product  Wonderful product & best price,"product, price",Positive
Sambhav Deals - Tan PU Men's Regular Wallet ( Pack of 1 ),Top product  ‡§ú‡§¨‡§∞‡§¶‡§∏‡•ç‡§§ ‡§ö‡•Ä‡§ú ‡§π‡•à,product,Positive
Sambhav Deals - Tan PU Men's Regular Wallet ( Pack of 1 ),‡Æ®‡Æ©‡Øç‡Æ±‡Ææ‡Æï ‡Æâ‡Æ≥‡Øç‡Æ≥‡Æ§‡ØÅ  ‡Æ®‡Æ©‡Øç‡Æ±‡Ææ‡Æï ‡Æâ‡Æ≥‡Øç‡Æ≥‡Æ§‡ØÅ,None,Neutral
Sambhav Deals - Tan PU Men's Regular Wallet ( Pack of 1 ),Very good product  This is nice product üëçüëç,product,Positive
Sambhav Deals - Tan PU Men's Regular Wallet ( Pack of 1 ),Nice product  Nice behaviour of delivery man,"product, delivery",Positive
Sambhav Deals - Tan PU Men's Regular Wallet ( Pack of 1 ),Very nice .... Good quality in this price  Great ...... Wow,"price, quality",Positive
Sambhav Deals - Tan PU Men's Regular Wallet ( Pack of 1 ),"Snapdeal a best deal for Customers.  The products sold through Snapdeal are all of good quality, which I bought and very reasonably priced too. Wishing the best for Snapdeal and their business participants/suppliers a huge success. As a Snapdeal Customer, I have very good satisfaction. Best wishes.","price, satisf, deal, product, quality",Positive
Sambhav Deals - Tan PU Men's Regular Wallet ( Pack of 1 ),Bahut badiya he perfect deal he  Full paisa wasool good product,"deal, product",Positive
Sambhav Deals - Tan PU Men's Regular Wallet ( Pack of 1 ),Good quality purse  Quality purse,quality,Positive
Glorious - Pink Cotton Women's Front Slit Kurti ( Pack of 1 ),"Very good , nice material and very comfortable  I like it . Cool product","material, comfort, product",Positive
Glorious - Pink Cotton Women's Front Slit Kurti ( Pack of 1 ),Quality issue  Quality not good .,quality,Negative
Glorious - Pink Cotton Women's Front Slit Kurti ( Pack of 1 ),Product  Superb quality,"product, quality",Positive
Glorious - Pink Cotton Women's Front Slit Kurti ( Pack of 1 ),Poor quality  Leaves full color after washing. Please don't purcchase it.,quality,Negative
Glorious - Pink Cotton Women's Front Slit Kurti ( Pack of 1 ),"Sep 10, 2022Good product üëçGreat deal","deal, product",Neutral
Glorious - Pink Cotton Women's Front Slit Kurti ( Pack of 1 ),Print all faded after washing  Print all faded after first washing,None,Neutral
Glorious - Pink Cotton Women's Front Slit Kurti ( Pack of 1 ),Quality issue Quality not good .,quality,Negative
Glorious - Pink Cotton Women's Front Slit Kurti ( Pack of 1 ),"Shaffu Superb mind blowing quality and product I'm very very happy with this product.. Thankyou snapdeal..,..","deal, product, quality",Positive
Glorious - Pink Cotton Women's Front Slit Kurti ( Pack of 1 ),"not good product  it started shedding colour, golden comor becoming black.. will not recommend","colour, product",Negative
Glorious - Pink Cotton Women's Front Slit Kurti ( Pack of 1 ),"Color fading heavily. Not having correct measurements  Very tight somewhere. Very loose . Not in correct measurements. Color is bleeding heavily. After one wash , it looks very bad.",look,Negative
"Double Toning Resistance Tube Pull Rope Elastic Rubber Exercise Band for Stretching, Workout, Home Gym and Toning with Heavy Quality D Shaped Handles",Accha nhi h  Tut gya Tha,None,Neutral
"Double Toning Resistance Tube Pull Rope Elastic Rubber Exercise Band for Stretching, Workout, Home Gym and Toning with Heavy Quality D Shaped Handles",Items  Poor quality,"item, quality",Negative
"Double Toning Resistance Tube Pull Rope Elastic Rubber Exercise Band for Stretching, Workout, Home Gym and Toning with Heavy Quality D Shaped Handles",Size is too short  Size is too short waist of money I'm very unhappy about this product,"size, product",Negative
"Double Toning Resistance Tube Pull Rope Elastic Rubber Exercise Band for Stretching, Workout, Home Gym and Toning with Heavy Quality D Shaped Handles","About snapdeal I got lots of Product, product quality is very good and better, but problem with shipping. Product ko same me 12/15 din lagjate hai","deal, product, quality",Negative
"Double Toning Resistance Tube Pull Rope Elastic Rubber Exercise Band for Stretching, Workout, Home Gym and Toning with Heavy Quality D Shaped Handles",Accha nhi h Tut gya Tha,None,Neutral
"Double Toning Resistance Tube Pull Rope Elastic Rubber Exercise Band for Stretching, Workout, Home Gym and Toning with Heavy Quality D Shaped Handles","Jun 06, 2022Very wellThat's great product.thankyou Snapdeal...","deal, product",Positive
"Double Toning Resistance Tube Pull Rope Elastic Rubber Exercise Band for Stretching, Workout, Home Gym and Toning with Heavy Quality D Shaped Handles",Good quality but not sure whether it is gonna last longer  Good quality with such a low price it's worth for money,"worth, price, quality",Positive
"Double Toning Resistance Tube Pull Rope Elastic Rubber Exercise Band for Stretching, Workout, Home Gym and Toning with Heavy Quality D Shaped Handles",Poor quality  This product not good Damage or unuseable,"product, quality",Negative
"Double Toning Resistance Tube Pull Rope Elastic Rubber Exercise Band for Stretching, Workout, Home Gym and Toning with Heavy Quality D Shaped Handles",Short  Length is short but quality is good,quality,Positive
"Double Toning Resistance Tube Pull Rope Elastic Rubber Exercise Band for Stretching, Workout, Home Gym and Toning with Heavy Quality D Shaped Handles",Cord came out.  Rubber cord Deattached every time when stretched what to do,None,Neutral
Hetsa - Brown Cotton Blend Women's Straight Kurti ( Pack of 1 ),low quality  low quality product . size shorter,"size, product, quality",Negative
Hetsa - Brown Cotton Blend Women's Straight Kurti ( Pack of 1 ),Very thin dress  Type the thin dress,None,Neutral
Hetsa - Brown Cotton Blend Women's Straight Kurti ( Pack of 1 ),Not good.i want to return it  Not good quality,quality,Negative
Hetsa - Brown Cotton Blend Women's Straight Kurti ( Pack of 1 ),Poor quality It is poor quality kurti.not cotton.,quality,Negative
Hetsa - Brown Cotton Blend Women's Straight Kurti ( Pack of 1 ),Poor quality  Very poor quality product,"product, quality",Negative
Hetsa - Brown Cotton Blend Women's Straight Kurti ( Pack of 1 ),Not good  Shoulder is not proper.wierd stitching near shoulder.,None,Negative
Hetsa - Brown Cotton Blend Women's Straight Kurti ( Pack of 1 ),Very good Satisfied with this order,satisf,Positive
Hetsa - Brown Cotton Blend Women's Straight Kurti ( Pack of 1 ),Not good..  The product is not so good...,product,Neutral
Hetsa - Brown Cotton Blend Women's Straight Kurti ( Pack of 1 ),Material shows cotton but fabric is synthetic.  Pls send actual product. These types products made your market values down .so pls take care,"material, product, fabric",Positive
Hetsa - Brown Cotton Blend Women's Straight Kurti ( Pack of 1 ),"Oct 06, 2021ExcellentMana jo b liea ha sab asha hi tha jo na acha nahe laga usa return kar date hu bakei sab v nice",None,Positive
"Set of 02 Underbed Storage Bag, Storage Organizer, Blanket Cover with Front Handle",Very nice  Very good üëç,None,Positive
"Set of 02 Underbed Storage Bag, Storage Organizer, Blanket Cover with Front Handle",As per order  Excellent Service,service,Positive
"Set of 02 Underbed Storage Bag, Storage Organizer, Blanket Cover with Front Handle",üòçüòçüòçwow  That great product,product,Positive
"Set of 02 Underbed Storage Bag, Storage Organizer, Blanket Cover with Front Handle","Superb  Very good product, I am happy with product",product,Positive
"Set of 02 Underbed Storage Bag, Storage Organizer, Blanket Cover with Front Handle",Superb  The size of starage boxes were large nice storage capacity excellent material also great dealüíóüíú,"size, material, deal",Positive
"Set of 02 Underbed Storage Bag, Storage Organizer, Blanket Cover with Front Handle",good product  nice product,product,Positive
"Set of 02 Underbed Storage Bag, Storage Organizer, Blanket Cover with Front Handle",Satisfactory  Happy with the product.Very useful and durable,"useful, satisf, product",Positive
"Set of 02 Underbed Storage Bag, Storage Organizer, Blanket Cover with Front Handle",Good quality. Looking exactly same.  nice quality,"look, quality",Positive
"Set of 02 Underbed Storage Bag, Storage Organizer, Blanket Cover with Front Handle","There is no shortage, it is perfect from every angle  A one üëå Quality",quality,Positive
"Set of 02 Underbed Storage Bag, Storage Organizer, Blanket Cover with Front Handle",Thank you Snapdeal  Best quality good zipper low price,"deal, price, quality",Positive
Comey Cotton Blend Regular Fit Full Sleeves Men's Formal Shirt - Green ( Pack of 1 ),The color is small to the neck  Neck portion is small unable to put the tie on.,None,Neutral
Comey Cotton Blend Regular Fit Full Sleeves Men's Formal Shirt - Green ( Pack of 1 ),"Fitting is not so great Fabric is good but, cutting and fitting is not. Poor fitting especially in upper and lower arm areas. Very less margins given. You can't wear bod read more","fit, fabric",Negative
Comey Cotton Blend Regular Fit Full Sleeves Men's Formal Shirt - Green ( Pack of 1 ),"This is made with poly viscose yarn,no cotton  Wrinkles formed after every time washing, un able to straighten even with top hot ironing.poor quality priced high.I am very unsatisfied with fake fabric","fabric, satisf, price, quality",Negative
Comey Cotton Blend Regular Fit Full Sleeves Men's Formal Shirt - Green ( Pack of 1 ),Excellent Very good fabric loved the shirt,fabric,Positive
Comey Cotton Blend Regular Fit Full Sleeves Men's Formal Shirt - Green ( Pack of 1 ),Expected forget this product.  It is good product. Picture like this color. Cloth was very soft.super.selected size.come from the shop.thank u snapdeal,"size, product, deal, cloth",Positive
Comey Cotton Blend Regular Fit Full Sleeves Men's Formal Shirt - Green ( Pack of 1 ),Good for money  Good quality and perfect size,"size, quality",Positive
Comey Cotton Blend Regular Fit Full Sleeves Men's Formal Shirt - Green ( Pack of 1 ),Good febric  Shirt febric is okey,None,Positive
Comey Cotton Blend Regular Fit Full Sleeves Men's Formal Shirt - Green ( Pack of 1 ),Good buy  Money wise good buy size is correct fabric is ok .Arm lenth is bit long but manageable. Overall it is cheap buy.,"size, fabric",Positive
Comey Cotton Blend Regular Fit Full Sleeves Men's Formal Shirt - Green ( Pack of 1 ),"Fitting is not so great  Fabric is good but, cutting and fitting is not. Poor fitting especially in upper and lower arm areas. Very less margins given. You can't wear boddy warmers / thermals underneath. Buttons fixed are not sturdy enough, need re-strenghening.","fit, fabric",Negative
Comey Cotton Blend Regular Fit Full Sleeves Men's Formal Shirt - Green ( Pack of 1 ),"Sep 25, 2022Good for moneyGood quality and perfect size","size, quality",Positive
Herbalife Personalized Protein Powder 200 gm Pack of 2,yes..recommended  Using & seeing getting benefits in less than 2months..,fit,Positive
Herbalife Personalized Protein Powder 200 gm Pack of 2,Bad Product  ‡§ú‡•Ç‡§® 2016 ‡§ï‡•Ä ‡§Æ‡•à‡§®‡•ç‡§Ø‡•Ç‡§´‡•à‡§ï‡•ç‡§ö‡§∞‡§ø‡§Ç‡§ó ‡§î‡§∞ ‡§¨‡§π‡•Å‡§§ ‡§π‡•Ä ‡•ô‡§∞‡§æ‡§¨ ‡§™‡•á‡§ï‡§ø‡§Ç‡§ó,product,Negative
Herbalife Personalized Protein Powder 200 gm Pack of 2,Weight loss  Good results,weight,Positive
Herbalife Personalized Protein Powder 200 gm Pack of 2,Bad Product  The product is not genuine because there is no scen code and the label are cut from one side but I have the product there is no such case . I am a agent of HERBALIFE,product,Negative
Herbalife Personalized Protein Powder 200 gm Pack of 2,Nice product  Good service,"service, product",Positive
Herbalife Personalized Protein Powder 200 gm Pack of 2,Its good  It was great,None,Positive
Herbalife Personalized Protein Powder 200 gm Pack of 2,Bad Product The product is not genuine because there is no scen code and the label are cut from one side but I have the product there is no such case . I am a age read more,product,Negative
Herbalife Personalized Protein Powder 200 gm Pack of 2,excellent price  i have compared the price of this product in many sites and found the price in snapdeal to be very low,"deal, product, price",Positive
Herbalife Personalized Protein Powder 200 gm Pack of 2,Wonder products Awsm awsm awsm no more words . M using it from last 6 months n buying it from snapdeal at very low prices. Gr8 results at very low prices thnks to sna read more,"deal, product, price",Negative
Herbalife Personalized Protein Powder 200 gm Pack of 2,Herbalife protein  Good product and delivery service very fast,"service, product, delivery",Positive
Lotus Flower Seeds mix Colors Seeds For Home Garden 20 Seeds + free seed,Lotus seed  Only one seed germinat,None,Neutral
Lotus Flower Seeds mix Colors Seeds For Home Garden 20 Seeds + free seed,"Poor quality  Not a single seed grew, let alone bloomed. Total loss of money, effort and time.",quality,Negative
Lotus Flower Seeds mix Colors Seeds For Home Garden 20 Seeds + free seed,Useful  Great product,"useful, product",Positive
Lotus Flower Seeds mix Colors Seeds For Home Garden 20 Seeds + free seed,"Not grown after 1 month,it's fake  Very bad seeds,not grown after 1 month",None,Negative
Lotus Flower Seeds mix Colors Seeds For Home Garden 20 Seeds + free seed,Poor Qwality of seeds  Not a single seed gave any lotus flower üò≠,None,Negative
Lotus Flower Seeds mix Colors Seeds For Home Garden 20 Seeds + free seed,Supper  Supper se bhi upper,None,Neutral
Lotus Flower Seeds mix Colors Seeds For Home Garden 20 Seeds + free seed,Lotus seed Only one seed germinat,None,Neutral
Lotus Flower Seeds mix Colors Seeds For Home Garden 20 Seeds + free seed,Poor quality  No use. Very poor seeds,quality,Negative
Lotus Flower Seeds mix Colors Seeds For Home Garden 20 Seeds + free seed,Very bad  Very bad Lotus seed is very poor quality,quality,Negative
Lotus Flower Seeds mix Colors Seeds For Home Garden 20 Seeds + free seed,good packing --- nice seeds good packing --- nice seeds,pack,Positive
Analog Kitchenware Kitchen Utility Knife Set of 3U,‡§¨‡•á‡§∏‡•ç‡§ü  ‡§ñ‡•Å‡§™ ‡§õ‡§æ‡§® ‡§ï‡§ø‡§ö‡§® product,product,Neutral
Analog Kitchenware Kitchen Utility Knife Set of 3U,Good product Little bit expensive but quality is awesome üòâ,"product, quality",Positive
Analog Kitchenware Kitchen Utility Knife Set of 3U,Good product in the market  Sharpness is the most important feature for a cutting knife and we reached the great results in providing the best sharpness of our knives on the market.,product,Positive
Analog Kitchenware Kitchen Utility Knife Set of 3U,Kitchen knives  It's a very useful item for my kitchen....thanks a lot...standard product....great purchase.,"useful, product, item",Positive
Analog Kitchenware Kitchen Utility Knife Set of 3U,Hometales utility knife-3  Very nice for this price-sturdy and sharp-thank you,price,Positive
Analog Kitchenware Kitchen Utility Knife Set of 3U,Cannot use. Will need sharpening.  All the knives are blunt. One had scratches.,None,Neutral
Analog Kitchenware Kitchen Utility Knife Set of 3U,Nice product  It was a nice product,product,Positive
Analog Kitchenware Kitchen Utility Knife Set of 3U,"Very sharp knife  All 3 knives are sharp, very sharp. Be careful when you use it. Too good for the price.",price,Positive
Analog Kitchenware Kitchen Utility Knife Set of 3U,Cannot use. Will need sharpening. All the knives are blunt. One had scratches.,None,Neutral
Analog Kitchenware Kitchen Utility Knife Set of 3U,"Sharp knifes  Best quality stainless knifes, quality is awesome and thickness is perfect, super sharp, vegetables are cutting in seconds, even hard vegetables and fruits we can cut with these knifes easily, just go for it",quality,Positive
SHARUJA Analog Electric Tester,Supeb Fantastic Sendal tim,None,Positive
SHARUJA Analog Electric Tester,Not satisfied  Not good quality. Tester end it will be aluminium. Not as other tester material,"satisf, material, quality",Negative
SHARUJA Analog Electric Tester,Nice üôÇ  Bahut acha hai üëçüëçüëç,None,Positive
SHARUJA Analog Electric Tester,Product is expected to be good.  The product is performing. Let's see how lomg it last.,product,Positive
SHARUJA Analog Electric Tester,Electric tester  Nice product,product,Positive
SHARUJA Analog Electric Tester,Quality of product  On receiving the the product i feel it is really the same product which i have ordered.This is extremely good...The product is qualitatively good and satisfactory,"satisf, product, quality",Positive
SHARUJA Analog Electric Tester,Good in quality  Useful for home,"useful, quality",Positive
SHARUJA Analog Electric Tester,Bad product  Don't purchase üò≠,product,Negative
SHARUJA Analog Electric Tester,Negative Down quality,quality,Negative
SHARUJA Analog Electric Tester,Negative  Down quality,quality,Negative
"Lawn Grass seed - 3000 seeds/Pack, Instruction Manual Inside Package",Very bad  Very bad quality,quality,Negative
"Lawn Grass seed - 3000 seeds/Pack, Instruction Manual Inside Package",Worse product  Waste of money,product,Negative
"Lawn Grass seed - 3000 seeds/Pack, Instruction Manual Inside Package",Bad seed  Do not take this product,product,Negative
"Lawn Grass seed - 3000 seeds/Pack, Instruction Manual Inside Package",Poor quality  Not even a seed has germinated. Complete waste of money.,quality,Negative
"Lawn Grass seed - 3000 seeds/Pack, Instruction Manual Inside Package",Poor quality seeds  It doesn't grow I did exactly as in the manual,quality,Negative
"Lawn Grass seed - 3000 seeds/Pack, Instruction Manual Inside Package",Not germinated. Seeds are not germinated. Still watering.,None,Neutral
"Lawn Grass seed - 3000 seeds/Pack, Instruction Manual Inside Package",Five Stars Extra ordinary,None,Neutral
"Lawn Grass seed - 3000 seeds/Pack, Instruction Manual Inside Package",Not good  It is not good bcz they are expirey,None,Negative
"Lawn Grass seed - 3000 seeds/Pack, Instruction Manual Inside Package",One Star  Am not intrested for thid seeds,None,Neutral
"Lawn Grass seed - 3000 seeds/Pack, Instruction Manual Inside Package",Use less  Use less never buy this product,product,Neutral
JA-50 kg Weight Scale Digital Luggage Weighing Scales Weighing Capacity - 50 Kg Tools Hardware,GREAT DEALS The product are good quality And the deal also awesome We can't find this price on wholesale shop,"deal, product, price, quality",Positive
JA-50 kg Weight Scale Digital Luggage Weighing Scales Weighing Capacity - 50 Kg Tools Hardware,Very bad  No parcge very bad quality,quality,Negative
JA-50 kg Weight Scale Digital Luggage Weighing Scales Weighing Capacity - 50 Kg Tools Hardware,Stopped working with in amonth  Stopped working with in amonth of purchase . Just wastage of money,None,Negative
JA-50 kg Weight Scale Digital Luggage Weighing Scales Weighing Capacity - 50 Kg Tools Hardware,Ye 5kg tak hi thik hai weight karne k liye. Uske upar ye thik se kaam nhi karta  Ye 5kg tak hi thik hai weight karne k liye. Uske upar ye thik se kaam nhi karta. Useless,weight,Negative
JA-50 kg Weight Scale Digital Luggage Weighing Scales Weighing Capacity - 50 Kg Tools Hardware,Weighing balance Weighing balance is not reliable as it gives wrong readings,None,Negative
JA-50 kg Weight Scale Digital Luggage Weighing Scales Weighing Capacity - 50 Kg Tools Hardware,One month bhi nhi chala  Poor quality,quality,Negative
JA-50 kg Weight Scale Digital Luggage Weighing Scales Weighing Capacity - 50 Kg Tools Hardware,No show proper weight  Wrost no perfect weight,weight,Positive
JA-50 kg Weight Scale Digital Luggage Weighing Scales Weighing Capacity - 50 Kg Tools Hardware,jai ambay  not company jai ambay this is local i am return this,None,Neutral
JA-50 kg Weight Scale Digital Luggage Weighing Scales Weighing Capacity - 50 Kg Tools Hardware,"Not good, don't buy this product  Not good, don't buy this product",product,Negative
JA-50 kg Weight Scale Digital Luggage Weighing Scales Weighing Capacity - 50 Kg Tools Hardware,"Oct 05, 2022SatisfiedVery nice product","satisf, product",Positive
Campus TERMINATOR (N) Black Running Shoes,Excellent  Great quality,quality,Positive
Campus TERMINATOR (N) Black Running Shoes,Bahut achhi Quality  Good product,"product, quality",Positive
Campus TERMINATOR (N) Black Running Shoes,Awadhraj  Excellent product,product,Positive
Campus TERMINATOR (N) Black Running Shoes,Very good product  Nice product,product,Positive
Campus TERMINATOR (N) Black Running Shoes,Excellent  Excellent product,product,Positive
Campus TERMINATOR (N) Black Running Shoes,Great  Great üëçoooooooo,None,Positive
Campus TERMINATOR (N) Black Running Shoes,Osm quality  Best product,"product, quality",Positive
Campus TERMINATOR (N) Black Running Shoes,"Super  Super quality verry nice tq snpdeal,üòäüòäüòä","deal, quality",Positive
Campus TERMINATOR (N) Black Running Shoes,Good colour  Looking good üòäüòä,"colour, look",Positive
ASIAN Green Men's Sports Running Shoes,I am really very happy  i am really very happy it's super thank you so much,None,Positive
ASIAN Green Men's Sports Running Shoes,Shoes  Superb qualities tnx too snapdeal for owsome products...,"deal, product",Positive
ASIAN Green Men's Sports Running Shoes,Amazing  Superb quality,quality,Positive
ASIAN Green Men's Sports Running Shoes,great deal  Very nice shooes,deal,Positive
ASIAN Green Men's Sports Running Shoes,Supar  Nice üëåüëåüëå,None,Positive
ASIAN Green Men's Sports Running Shoes,"Mar 19, 2022Perfect matchNice product I love it.quality is best","product, quality",Positive
ASIAN Green Men's Sports Running Shoes,Best product  As per product rate it is good .I use it for 12t months continuouly...,product,Positive
ASIAN Green Men's Sports Running Shoes,Quality  Great quality and shoes,quality,Positive
ASIAN Green Men's Sports Running Shoes,Happy  Good product üëç Whight less & smooth,product,Positive
ASIAN Green Men's Sports Running Shoes,Super  Nice product,product,Positive
Allamwar 12pcs Stainless Steel Cookie Cutter Set Pastry Cookie Biscuit Cutter Cake Muffin Decor Mold Mould Multi Functional Tool,Bad qulity Not qulity,None,Negative
Allamwar 12pcs Stainless Steel Cookie Cutter Set Pastry Cookie Biscuit Cutter Cake Muffin Decor Mold Mould Multi Functional Tool,"Quality  Good quality,best for cookies cutting.",quality,Positive
Allamwar 12pcs Stainless Steel Cookie Cutter Set Pastry Cookie Biscuit Cutter Cake Muffin Decor Mold Mould Multi Functional Tool,Low quality  Quality is not much as expectation. Packaging was not good,"pack, quality",Negative
Allamwar 12pcs Stainless Steel Cookie Cutter Set Pastry Cookie Biscuit Cutter Cake Muffin Decor Mold Mould Multi Functional Tool,Useful product  Good quality,"useful, product, quality",Positive
Allamwar 12pcs Stainless Steel Cookie Cutter Set Pastry Cookie Biscuit Cutter Cake Muffin Decor Mold Mould Multi Functional Tool,Good items  Very good quality,"item, quality",Positive
Allamwar 12pcs Stainless Steel Cookie Cutter Set Pastry Cookie Biscuit Cutter Cake Muffin Decor Mold Mould Multi Functional Tool,it's quality is very bad  Very good üëé,quality,Negative
Allamwar 12pcs Stainless Steel Cookie Cutter Set Pastry Cookie Biscuit Cutter Cake Muffin Decor Mold Mould Multi Functional Tool,Bad qulity  Not qulity,None,Negative
Allamwar 12pcs Stainless Steel Cookie Cutter Set Pastry Cookie Biscuit Cutter Cake Muffin Decor Mold Mould Multi Functional Tool,Good quality  Good product,"product, quality",Positive
Allamwar 12pcs Stainless Steel Cookie Cutter Set Pastry Cookie Biscuit Cutter Cake Muffin Decor Mold Mould Multi Functional Tool,Gud but small  Size small,size,Neutral
Allamwar 12pcs Stainless Steel Cookie Cutter Set Pastry Cookie Biscuit Cutter Cake Muffin Decor Mold Mould Multi Functional Tool,Wonderful Great deal in budget purchase,deal,Positive
"2 in 1 Pump Plastic Dispenser for Dishwasher Liquid Holder (Multi Colour, Standard, 385ml)",Not liked  Pump is not working,None,Negative
"2 in 1 Pump Plastic Dispenser for Dishwasher Liquid Holder (Multi Colour, Standard, 385ml)",Quality not good  Material is not good,"material, quality",Negative
"2 in 1 Pump Plastic Dispenser for Dishwasher Liquid Holder (Multi Colour, Standard, 385ml)",Very useful Very useful item in kitchen. Go for it,"useful, item",Positive
"2 in 1 Pump Plastic Dispenser for Dishwasher Liquid Holder (Multi Colour, Standard, 385ml)",Poor quality... Poor quality pump. Useless.,quality,Negative
"2 in 1 Pump Plastic Dispenser for Dishwasher Liquid Holder (Multi Colour, Standard, 385ml)",Total disappointment  Iotally 7nhappy with the product,product,Negative
"2 in 1 Pump Plastic Dispenser for Dishwasher Liquid Holder (Multi Colour, Standard, 385ml)",Not working  Not working,None,Neutral
"2 in 1 Pump Plastic Dispenser for Dishwasher Liquid Holder (Multi Colour, Standard, 385ml)",Very bad product  Can't pull dishwasher liquid up. Replaced with same defective product.,product,Negative
"2 in 1 Pump Plastic Dispenser for Dishwasher Liquid Holder (Multi Colour, Standard, 385ml)",Feedback  Rubbish product,product,Neutral
"2 in 1 Pump Plastic Dispenser for Dishwasher Liquid Holder (Multi Colour, Standard, 385ml)",Pump is not working  Pump not working,None,Neutral
"2 in 1 Pump Plastic Dispenser for Dishwasher Liquid Holder (Multi Colour, Standard, 385ml)",Worst product  Not working propely after 2-3 days,product,Negative
"Stainless Steel Vestire Manual Hand Blender for Egg & Cream Beater, Milkshake, Lassi, Butter Milk Mixer",Quality is low  Low quality product will not go for long....,"product, quality",Negative
"Stainless Steel Vestire Manual Hand Blender for Egg & Cream Beater, Milkshake, Lassi, Butter Milk Mixer",Quality is low Low quality product will not go for long....,"product, quality",Negative
"Stainless Steel Vestire Manual Hand Blender for Egg & Cream Beater, Milkshake, Lassi, Butter Milk Mixer",Not working  It does not work in any liquid so of no use.,None,Negative
"Stainless Steel Vestire Manual Hand Blender for Egg & Cream Beater, Milkshake, Lassi, Butter Milk Mixer",VERY BAD  NO USE NO QUALITY,quality,Negative
"Stainless Steel Vestire Manual Hand Blender for Egg & Cream Beater, Milkshake, Lassi, Butter Milk Mixer","Product very good, delivery also excellent üòä  I found the product very good and delivery very nice üòä","product, delivery",Positive
"Stainless Steel Vestire Manual Hand Blender for Egg & Cream Beater, Milkshake, Lassi, Butter Milk Mixer",Super  Super quality of item,"item, quality",Positive
"Stainless Steel Vestire Manual Hand Blender for Egg & Cream Beater, Milkshake, Lassi, Butter Milk Mixer","Worst, bad quality ,nt same as shown  Totally differ from pic,bad quality plastic as well as blade",quality,Negative
"Stainless Steel Vestire Manual Hand Blender for Egg & Cream Beater, Milkshake, Lassi, Butter Milk Mixer",Review  Cracked already,None,Neutral
"Stainless Steel Vestire Manual Hand Blender for Egg & Cream Beater, Milkshake, Lassi, Butter Milk Mixer",Badiya Excellentüëçüëçüëçüëçüëçüëç,None,Neutral
"Stainless Steel Vestire Manual Hand Blender for Egg & Cream Beater, Milkshake, Lassi, Butter Milk Mixer",Nt good  Not good very hard to use,None,Positive
flyfot Kitchenware Plastic Multipurpose Rice Wash Bowl with Handle for Rice V Plastic Strainers 1 Pc,Size was too small  Size was too small,size,Neutral
flyfot Kitchenware Plastic Multipurpose Rice Wash Bowl with Handle for Rice V Plastic Strainers 1 Pc,"Oct 03, 2022rice bowlgreat product to use . quality was also great","product, quality",Positive
flyfot Kitchenware Plastic Multipurpose Rice Wash Bowl with Handle for Rice V Plastic Strainers 1 Pc,Very nice good product I liked very much and very light to use this product thank you very much üëçüëåüôèüíê,product,Positive
flyfot Kitchenware Plastic Multipurpose Rice Wash Bowl with Handle for Rice V Plastic Strainers 1 Pc,Smaller than Expected Very small in size. Unable to use for 4 people.,size,Neutral
flyfot Kitchenware Plastic Multipurpose Rice Wash Bowl with Handle for Rice V Plastic Strainers 1 Pc,About bowl  It's too small in size,size,Neutral
flyfot Kitchenware Plastic Multipurpose Rice Wash Bowl with Handle for Rice V Plastic Strainers 1 Pc,"Too small, quality bad.  Bad quality.product size too small.Pradosh, Odisha.754141","size, product, quality",Negative
flyfot Kitchenware Plastic Multipurpose Rice Wash Bowl with Handle for Rice V Plastic Strainers 1 Pc,Poor Quality  No money value,quality,Negative
flyfot Kitchenware Plastic Multipurpose Rice Wash Bowl with Handle for Rice V Plastic Strainers 1 Pc,Very Small....  Very small product,product,Neutral
flyfot Kitchenware Plastic Multipurpose Rice Wash Bowl with Handle for Rice V Plastic Strainers 1 Pc,Worst  Poor quality as regards to price,"price, quality",Negative
flyfot Kitchenware Plastic Multipurpose Rice Wash Bowl with Handle for Rice V Plastic Strainers 1 Pc,"Very small  Low quality, very small, not useful","useful, quality",Negative
chopwell Red Plastic Manual Kitchen Chopper 450 ml ( Pack of 1 ),"May 16, 2022Super superI like it super",None,Positive
chopwell Red Plastic Manual Kitchen Chopper 450 ml ( Pack of 1 ),Lid Fitting problem  Lid is not fitting properly other wise ok,fit,Positive
chopwell Red Plastic Manual Kitchen Chopper 450 ml ( Pack of 1 ),Poor quality  Nothing more than toy.,quality,Negative
chopwell Red Plastic Manual Kitchen Chopper 450 ml ( Pack of 1 ),"HOMETALES COMPACT MA.. FDUXCHOPE  I would like to return this ""HOMETALES COMPACT MA.. FDUXCHOPE as it's of poor quality",quality,Negative
chopwell Red Plastic Manual Kitchen Chopper 450 ml ( Pack of 1 ),the price is very high the item price is very high,"item, price",Neutral
chopwell Red Plastic Manual Kitchen Chopper 450 ml ( Pack of 1 ),Not working properly.  Its not working as shown.,None,Neutral
chopwell Red Plastic Manual Kitchen Chopper 450 ml ( Pack of 1 ),Poor quality Nothing more than toy.,quality,Negative
chopwell Red Plastic Manual Kitchen Chopper 450 ml ( Pack of 1 ),Nice product  This quick cutter is very useful. Nice product.,"useful, product",Positive
chopwell Red Plastic Manual Kitchen Chopper 450 ml ( Pack of 1 ),Chopper  Bad product..,product,Negative
chopwell Red Plastic Manual Kitchen Chopper 450 ml ( Pack of 1 ),Noisy  It makes lot of unexpected voice while chopping it feels it's going to break soon,None,Negative
BK KART Mixed Nuts 500gm,Its very good to buy.  It was with all good packaging and fresh dry fruits,pack,Positive
BK KART Mixed Nuts 500gm,Dry fruits üòã  Best quality and best product,"product, quality",Positive
BK KART Mixed Nuts 500gm,Quality Taste also not good...,quality,Neutral
BK KART Mixed Nuts 500gm,very bad product  ingredients totally substandered. expired,product,Negative
BK KART Mixed Nuts 500gm,Great deal  Very nice product,"deal, product",Positive
BK KART Mixed Nuts 500gm,Great deal and good mixture  Nice products and great deal,"deal, product",Positive
BK KART Mixed Nuts 500gm,Quality  Taste also not good...,quality,Neutral
BK KART Mixed Nuts 500gm,Fraud  Very poor quality,quality,Negative
BK KART Mixed Nuts 500gm,Dry fruits  Very bad it was...waste of money...not satisfied,satisf,Negative
BK KART Mixed Nuts 500gm,Nice product Nice product,product,Positive
Shiv Trishul Damru Gold-plated Locket with Rudraksha Mala,Laljeebabu  Very poor quality,quality,Negative
Shiv Trishul Damru Gold-plated Locket with Rudraksha Mala,Awesome product Awesome product I liked very much,product,Positive
Shiv Trishul Damru Gold-plated Locket with Rudraksha Mala,Useless item  This is throw away item . Colour changed in 3days and broke on less than a week time.,"colour, item",Negative
Shiv Trishul Damru Gold-plated Locket with Rudraksha Mala,üìøQuality is good üëçüìøProducts bill quality is good üëç,"product, quality",Positive
Shiv Trishul Damru Gold-plated Locket with Rudraksha Mala,Nice app  Nice app and time 24h ma dalvari,None,Positive
Shiv Trishul Damru Gold-plated Locket with Rudraksha Mala,Poor quality product  First day is locket is broken. Poor quality mala,"product, quality",Negative
Shiv Trishul Damru Gold-plated Locket with Rudraksha Mala,Ismain Lord Shiv Trishul Damru Locket to nikla hi nahin Very bad islia h ki ismain Lord Shiv Trishul Damru to nikla hi nahin,None,Negative
Shiv Trishul Damru Gold-plated Locket with Rudraksha Mala,This not real  Bad quality,quality,Positive
Shiv Trishul Damru Gold-plated Locket with Rudraksha Mala,Not good  Not good bad quality,quality,Negative
Shiv Trishul Damru Gold-plated Locket with Rudraksha Mala,"Plastic made,poor quality  Poor quality product","product, quality",Negative
"Milton Flip Lid 1000 Thermosteel 24 Hours Hot and Cold Water Bottle with Bag, 1 Litre, Silver","May 12, 2022Fine fishing, insulated, attractive looks specify brand.‡§ê‡§∏‡•á ‡§π‡•Ä 5* ‡§®‡§π‡•Ä ‡§¶‡•á‡§§‡•á ‡§π‡•à ‡§∏‡§¨, ‡§Æ‡•á‡§∞‡•Ä ‡§§‡§∞‡§´ ‡§∏‡•á ‡§â‡§§‡•ç‡§ï‡•É‡§∑‡•ç‡§ü ‡§â‡§§‡•ç‡§™‡§æ‡§¶ ‡§¨‡§®‡§æ‡§®‡•á ‡§ï‡•á ‡§≤‡§ø‡§è ‡§Æ‡§ø‡§≤‡•ç‡§ü‡§® ‡§ü‡•Ä‡§Æ ‡§ï‡•ã ‡§∂‡•Å‡§≠‡§ï‡§æ‡§Æ‡§®‡§æ‡§è.. deserve appreciation of best quality to move ahead of others in the long way of Milton brand name,","look, quality",Positive
"Milton Flip Lid 1000 Thermosteel 24 Hours Hot and Cold Water Bottle with Bag, 1 Litre, Silver","Cap is not working properly  Wanted to replace no replace, no response on email also by Milton",None,Negative
"Milton Flip Lid 1000 Thermosteel 24 Hours Hot and Cold Water Bottle with Bag, 1 Litre, Silver",Not good product is damage recived very poor performance  Out item is picked up on 24/01/17 but refund is not credited on my freerecharge ac,"performance, product, item",Negative
"Milton Flip Lid 1000 Thermosteel 24 Hours Hot and Cold Water Bottle with Bag, 1 Litre, Silver",Got damaged product  I got products which have damaged cap.,product,Negative
"Milton Flip Lid 1000 Thermosteel 24 Hours Hot and Cold Water Bottle with Bag, 1 Litre, Silver",Poor quality  Poor quality,quality,Negative
"Milton Flip Lid 1000 Thermosteel 24 Hours Hot and Cold Water Bottle with Bag, 1 Litre, Silver",Flask milton  Not satisfied with the product said that it will have 24 cold and heat but it does not have sam humidity as before isss,"satisf, product",Negative
"Milton Flip Lid 1000 Thermosteel 24 Hours Hot and Cold Water Bottle with Bag, 1 Litre, Silver","TOO BAD OF A COMPANY very bad way of dealing with customers. i bought this considering all factors like price, cashback etc. you cheated & have not send my cashback vo read more","deal, price",Negative
"Milton Flip Lid 1000 Thermosteel 24 Hours Hot and Cold Water Bottle with Bag, 1 Litre, Silver",Product was excellent  Product was excellent but delivery was bad as i was travelling for some other place i expected the item on time but it disappointed me due to that i dint able to take it with me.,"item, product, delivery",Negative
"Milton Flip Lid 1000 Thermosteel 24 Hours Hot and Cold Water Bottle with Bag, 1 Litre, Silver","Not working  After buying , for a period of 10 months I have used only for 4 - 5 times . After that when I attempted to use it , it was not working . It is not bearing the temperature even for 1 hour",None,Neutral
"Milton Flip Lid 1000 Thermosteel 24 Hours Hot and Cold Water Bottle with Bag, 1 Litre, Silver",BUMPER DEAL.... Milton......name says it all about quality... FEATURES ARE: 1.In product description and pictures they does not show it....BUT yes they provide a very read more,"deal, product, quality",Negative
PRd PU Tan Casual regular Wallet,"Mar 19, 2020SuperExcellent wallet",None,Neutral
PRd PU Tan Casual regular Wallet,"Best service Nice handling business before proceeding thanks to my snap deal. Happy to you thanks for bringing quality, pakijing, delivery. The best products selli read more","delivery, deal, service, product, quality",Positive
PRd PU Tan Casual regular Wallet,"Mar 03, 2020Good qualityGood quality",quality,Neutral
PRd PU Tan Casual regular Wallet,"Mar 11, 2021WalletProduct is good but.. Delivery boy was Arogent","product, delivery",Positive
PRd PU Tan Casual regular Wallet,"Feb 11, 2020‡§∂‡§æ‡§®‡§¶‡§æ‡§∞‡§Æ‡•Å‡§ù‡•á ‡§™‡§π‡§≤‡•Ä ‡§¨‡§æ‡§∞ ‡§∏‡•ç‡§®‡•à‡§™‡§°‡•Ä‡§≤ ‡§™‡§∞ ‡§∂‡•â‡§™‡§ø‡§Ç‡§ó ‡§∏‡•á ‡§Ö‡§¶‡•ç‡§≠‡•Å‡§§ ‡§ñ‡•Å‡§∂‡•Ä ‡§π‡•Å‡§à ‡§ï‡§ø ‡§Æ‡•á‡§∞‡§æ ‡§™‡•ç‡§∞‡•ã‡§°‡§ï‡•ç‡§ü ‡§â‡§∏‡•Ä ‡§∞‡•Ç‡§™ ‡§Æ‡•á‡§Ç ‡§®‡§ø‡§ï‡§≤‡§æ ‡§ú‡•à‡§∏‡§æ ‡§Æ‡•à‡§®‡•á ‡§¶‡•á‡§ñ‡§æ ‡§•‡§æ",None,Neutral
PRd PU Tan Casual regular Wallet,Disgusting product  It does not have coin packet Secondly the flip never closrs,"product, pack",Negative
PRd PU Tan Casual regular Wallet,Bad quality Bad wallet,quality,Negative
PRd PU Tan Casual regular Wallet,Bad quality  Bad wallet,quality,Negative
PRd PU Tan Casual regular Wallet,not good product  product So bed quality I am not interesting Money is a lot of value,"product, quality",Negative
PRd PU Tan Casual regular Wallet,Casual wallet  Side no stich not good,None,Negative
Tantra Fluke Pro Bluetooth Receiver 4.1 Bluetooth Kit for Car (Black),Awesome Product  Would recommend this product those who have no Bluetooth stereo. I have been using this product now for more than a week and it has fulfilled all my needs of a Bluetooth device. Amplified and good sound and call quality.,"product, quality",Positive
Tantra Fluke Pro Bluetooth Receiver 4.1 Bluetooth Kit for Car (Black),"Mar 14, 2016Excellent ProductAwesome .My car audio was missing the Bluetooth feature and tantra fluke completed my car.Thank you Tantra .Awesome...",product,Negative
Tantra Fluke Pro Bluetooth Receiver 4.1 Bluetooth Kit for Car (Black),Review of Tantra car Bluetooth handsfree  Very good sound quality in affordable price,"price, quality",Positive
Tantra Fluke Pro Bluetooth Receiver 4.1 Bluetooth Kit for Car (Black),"Mar 08, 2016Excellent ProductAmazing Product Instant Installation Automatic Bluetooth connection once u pair Free Mobile Holder. One thing that's impt n missing s the usb charger.",product,Positive
Tantra Fluke Pro Bluetooth Receiver 4.1 Bluetooth Kit for Car (Black),Tantra Fluke  Excellent product. Good connectivity and sound clarity. Easy to use.,"product, easy",Positive
Tantra Fluke Pro Bluetooth Receiver 4.1 Bluetooth Kit for Car (Black),"Apr 04, 2016ExcellentProductAfter using several brands since six years .. And not satisfied with the voice calls .. While talking in car.. There were lots of noise even some of branded Bluetooth device .. Later I have chosen ""tantra fluke "" This is the best product with noise cancellation inside the car ! N at the best price .. Value for money ..!!","satisf, product, price",Positive
Tantra Fluke Pro Bluetooth Receiver 4.1 Bluetooth Kit for Car (Black),Awesome product  The product is just awesome. Highly recommended. The only problem is adhesive tape is not so strong,product,Positive
Tantra Fluke Pro Bluetooth Receiver 4.1 Bluetooth Kit for Car (Black),Review  Very good one n easy to operate,easy,Positive
Tantra Fluke Pro Bluetooth Receiver 4.1 Bluetooth Kit for Car (Black),Excellent reception and clarity  I had tried several Bluetooth handsfree gadgets prior to buying Tantra fluke. All of them disappointed me either by battery backup or clarity. After I installed Tantra Fluke it is perfectly working as per my desire. Connects very quickly. Clarity is superb and there is absolutely no lag. I recommend every car owner who does not have Bluetooth enabled music system to install it. The only drawback is the wire which I believe can be managed if tied and hide properly. Great product,product,Positive
Tantra Fluke Pro Bluetooth Receiver 4.1 Bluetooth Kit for Car (Black),"THE Best Bluetooth device  1) best voice calling device in terms of clarity & noice cancellation during the mobile call conversations 2) best sound output levering car speakers, clarity of sound has been exceptional that too when I relay Amazon music 3) very simple installation & works great with my iPhone especially",None,Positive
Unique Retail 7 in 1 Electric Soldering/Welding Iron Kit For DIY/Crafts Tools Hardware,Its very bad quality not buy thus ....after 15 day its properly stoped work  Very bad...not buy this,quality,Negative
Unique Retail 7 in 1 Electric Soldering/Welding Iron Kit For DIY/Crafts Tools Hardware,Best quality  Not working,quality,Positive
Unique Retail 7 in 1 Electric Soldering/Welding Iron Kit For DIY/Crafts Tools Hardware,Quality is. Not good  Poor quality,quality,Neutral
Unique Retail 7 in 1 Electric Soldering/Welding Iron Kit For DIY/Crafts Tools Hardware,Don't order  Totally hopeless and very dull in quality. I ordered it but in a single use it failed and stopped working. I couldn't use it at least once.,quality,Negative
Unique Retail 7 in 1 Electric Soldering/Welding Iron Kit For DIY/Crafts Tools Hardware,Soldering kit Very good product given by vendor Iron heating time just 25-30sec. Thanks snapdeal and their team and vendor also,"deal, product",Positive
Unique Retail 7 in 1 Electric Soldering/Welding Iron Kit For DIY/Crafts Tools Hardware,Quality is. Not good Poor quality,quality,Neutral
Unique Retail 7 in 1 Electric Soldering/Welding Iron Kit For DIY/Crafts Tools Hardware,Higher price  Worst quality high price,"price, quality",Negative
Unique Retail 7 in 1 Electric Soldering/Welding Iron Kit For DIY/Crafts Tools Hardware,Working  It's quality is very poor and not value for money...,quality,Negative
Unique Retail 7 in 1 Electric Soldering/Welding Iron Kit For DIY/Crafts Tools Hardware,Cheap quality  Quality is not good,quality,Negative
Unique Retail 7 in 1 Electric Soldering/Welding Iron Kit For DIY/Crafts Tools Hardware,Quality  Products quality very poor and Soldering wite is very less only 2 mtrs long,"product, quality",Negative
"Masala Rangoli Box Dabba for Keeping Spices, Spice Box for Kitchen, Plastic Wooden Style Masala Box, Masala Container, Masala Dabba",Super  Amazing product,product,Positive
"Masala Rangoli Box Dabba for Keeping Spices, Spice Box for Kitchen, Plastic Wooden Style Masala Box, Masala Container, Masala Dabba",Satisfied with the product quality  Good product,"satisf, product, quality",Positive
"Masala Rangoli Box Dabba for Keeping Spices, Spice Box for Kitchen, Plastic Wooden Style Masala Box, Masala Container, Masala Dabba",Good quality  Very nice product,"product, quality",Positive
"Masala Rangoli Box Dabba for Keeping Spices, Spice Box for Kitchen, Plastic Wooden Style Masala Box, Masala Container, Masala Dabba","Aug 20, 2022Good materialBest quality","material, quality",Neutral
"Masala Rangoli Box Dabba for Keeping Spices, Spice Box for Kitchen, Plastic Wooden Style Masala Box, Masala Container, Masala Dabba",Very good  Good product,product,Positive
"Masala Rangoli Box Dabba for Keeping Spices, Spice Box for Kitchen, Plastic Wooden Style Masala Box, Masala Container, Masala Dabba",Nice product  Very nice product ilike it,product,Positive
"Masala Rangoli Box Dabba for Keeping Spices, Spice Box for Kitchen, Plastic Wooden Style Masala Box, Masala Container, Masala Dabba","Jul 08, 2022Masala rangoliSize is to small",size,Neutral
"Masala Rangoli Box Dabba for Keeping Spices, Spice Box for Kitchen, Plastic Wooden Style Masala Box, Masala Container, Masala Dabba",Masala rangoli box dabba for keeping spices .  Product quality is best and in best price also.,"product, price, quality",Positive
"Masala Rangoli Box Dabba for Keeping Spices, Spice Box for Kitchen, Plastic Wooden Style Masala Box, Masala Container, Masala Dabba",Great deal  A big deal,deal,Positive
"Masala Rangoli Box Dabba for Keeping Spices, Spice Box for Kitchen, Plastic Wooden Style Masala Box, Masala Container, Masala Dabba",Afzal  Bhut acha hai,None,Neutral
"Microvent Multi-purpose Plastic Kitchen Container Set with vent, 1800ml, 1100ml, 680ml, 360ml, Purple (4U)",Excellent offer  Very useful,useful,Positive
"Microvent Multi-purpose Plastic Kitchen Container Set with vent, 1800ml, 1100ml, 680ml, 360ml, Purple (4U)",Great deal  Very good quality,"deal, quality",Positive
"Microvent Multi-purpose Plastic Kitchen Container Set with vent, 1800ml, 1100ml, 680ml, 360ml, Purple (4U)",Very good Quality product  Very good Product,"product, quality",Positive
"Microvent Multi-purpose Plastic Kitchen Container Set with vent, 1800ml, 1100ml, 680ml, 360ml, Purple (4U)",Quality of the product  Super quality thank you snap Deal,"deal, product, quality",Positive
"Microvent Multi-purpose Plastic Kitchen Container Set with vent, 1800ml, 1100ml, 680ml, 360ml, Purple (4U)",Quality  Very good quality,quality,Positive
"Microvent Multi-purpose Plastic Kitchen Container Set with vent, 1800ml, 1100ml, 680ml, 360ml, Purple (4U)",Great deal  Good items,"deal, item",Positive
"Microvent Multi-purpose Plastic Kitchen Container Set with vent, 1800ml, 1100ml, 680ml, 360ml, Purple (4U)",Very good qulity  Best qulity,None,Positive
"Microvent Multi-purpose Plastic Kitchen Container Set with vent, 1800ml, 1100ml, 680ml, 360ml, Purple (4U)",Super  Great product,product,Positive
"Microvent Multi-purpose Plastic Kitchen Container Set with vent, 1800ml, 1100ml, 680ml, 360ml, Purple (4U)",Awesome  Good product I've bought,product,Positive
"Microvent Multi-purpose Plastic Kitchen Container Set with vent, 1800ml, 1100ml, 680ml, 360ml, Purple (4U)",Microwave container  Lovely product,product,Positive
Ezybe Self Adhesive Kichen Shelf Light Blue Plastic Storage Racks (Pack of 2),Very nice  Dureble and attractive,None,Positive
Ezybe Self Adhesive Kichen Shelf Light Blue Plastic Storage Racks (Pack of 2),Good üëç  Good product üëç,product,Positive
Ezybe Self Adhesive Kichen Shelf Light Blue Plastic Storage Racks (Pack of 2),nic e usefull product  nice productr,"useful, product",Positive
Ezybe Self Adhesive Kichen Shelf Light Blue Plastic Storage Racks (Pack of 2),Nice product  Very useful product,"useful, product",Positive
Ezybe Self Adhesive Kichen Shelf Light Blue Plastic Storage Racks (Pack of 2),Good one  Useful product,"useful, product",Positive
Ezybe Self Adhesive Kichen Shelf Light Blue Plastic Storage Racks (Pack of 2),Size is ok  Nice n attractive,size,Positive
Ezybe Self Adhesive Kichen Shelf Light Blue Plastic Storage Racks (Pack of 2),Nice and worth  Useful and worth buying,"worth, useful",Positive
Ezybe Self Adhesive Kichen Shelf Light Blue Plastic Storage Racks (Pack of 2),Plastic storage rack  Quality is very good delivety staff was nice person. I appreciate this app.,quality,Positive
Ezybe Self Adhesive Kichen Shelf Light Blue Plastic Storage Racks (Pack of 2),Great e  Very good product üíØ,product,Positive
Ezybe Self Adhesive Kichen Shelf Light Blue Plastic Storage Racks (Pack of 2),V E R Y G O O D  Good product,product,Positive
Bentag kitchenware Vegetable & Fruit Clever Cutter Stainless Steel Vegetable Scissor,Not satisfied Not working properly...not cutting fully ....board is not equal...please replace....delay in delivery....,"satisf, delivery",Negative
Bentag kitchenware Vegetable & Fruit Clever Cutter Stainless Steel Vegetable Scissor,Low quality steel blade and plastic  Improve blade and plastic quality,quality,Positive
Bentag kitchenware Vegetable & Fruit Clever Cutter Stainless Steel Vegetable Scissor,"it's ok  It's ok, not bad",None,Positive
Bentag kitchenware Vegetable & Fruit Clever Cutter Stainless Steel Vegetable Scissor,Not satisfied  Not working properly...not cutting fully ....board is not equal...please replace....delay in delivery....,"satisf, delivery",Negative
Bentag kitchenware Vegetable & Fruit Clever Cutter Stainless Steel Vegetable Scissor,"A Good Buy Being in anticipation, that, it will add to my convenience & facility for cooking.. [I'm 63, staying/ doing all on my own] ..the main reason read more",None,Positive
Bentag kitchenware Vegetable & Fruit Clever Cutter Stainless Steel Vegetable Scissor,No use  Did not cut even a tomato properly,None,Negative
Bentag kitchenware Vegetable & Fruit Clever Cutter Stainless Steel Vegetable Scissor,Not Satisfied  Goods very bad,satisf,Negative
Bentag kitchenware Vegetable & Fruit Clever Cutter Stainless Steel Vegetable Scissor,Product  Nice product,product,Positive
Bentag kitchenware Vegetable & Fruit Clever Cutter Stainless Steel Vegetable Scissor,"Jul 05, 2022ExcellentExcellent üëå",None,Neutral
Bentag kitchenware Vegetable & Fruit Clever Cutter Stainless Steel Vegetable Scissor,Just ok Average  Just ok not good Average,None,Positive
"BLAQUE 3 Ply Anti Viral, Anti Pollution Surgical Disposable Face Mask With Nose Pin & Meltblown Layer- Pack of 100 (Blue)","Value for Money Rs 4.30 per mask best price outside the market they are selling for Rs.10. Good thing is , it has nose clip . Quality is good","price, quality",Positive
"BLAQUE 3 Ply Anti Viral, Anti Pollution Surgical Disposable Face Mask With Nose Pin & Meltblown Layer- Pack of 100 (Blue)",Not 3 ply mask. It is single layer thin mask  Item described as 3 ply Mask. But what was delivered is thin single layer mask of poor quality,"item, quality",Negative
"BLAQUE 3 Ply Anti Viral, Anti Pollution Surgical Disposable Face Mask With Nose Pin & Meltblown Layer- Pack of 100 (Blue)",very poor quality product  very poor quality product as you try to wear on your face rubber bands are broken,"product, quality",Negative
"BLAQUE 3 Ply Anti Viral, Anti Pollution Surgical Disposable Face Mask With Nose Pin & Meltblown Layer- Pack of 100 (Blue)",Bad product  Not a good product. Waste of money,product,Negative
"BLAQUE 3 Ply Anti Viral, Anti Pollution Surgical Disposable Face Mask With Nose Pin & Meltblown Layer- Pack of 100 (Blue)",Worst product  Only one ply mask not 3 ply,product,Negative
"BLAQUE 3 Ply Anti Viral, Anti Pollution Surgical Disposable Face Mask With Nose Pin & Meltblown Layer- Pack of 100 (Blue)",Quality  Only single ply mask,quality,Neutral
"BLAQUE 3 Ply Anti Viral, Anti Pollution Surgical Disposable Face Mask With Nose Pin & Meltblown Layer- Pack of 100 (Blue)",Massk This mask is a Average .,None,Neutral
"BLAQUE 3 Ply Anti Viral, Anti Pollution Surgical Disposable Face Mask With Nose Pin & Meltblown Layer- Pack of 100 (Blue)",Very poor quality  Very poor quality,quality,Negative
"BLAQUE 3 Ply Anti Viral, Anti Pollution Surgical Disposable Face Mask With Nose Pin & Meltblown Layer- Pack of 100 (Blue)",Mask is very bad category quality  3layer mask ordered was sent 2 layer mask,quality,Negative
"BLAQUE 3 Ply Anti Viral, Anti Pollution Surgical Disposable Face Mask With Nose Pin & Meltblown Layer- Pack of 100 (Blue)",Not good  Not good normal one,None,Negative
Automatic Wireless Electric Rechargeable Drinking Water Dispenser Pump for 20 Liter Bottle Can with USB Charging Cable (Assorted Color),"Not Working  Charged, did everything not working . Bad",None,Positive
Automatic Wireless Electric Rechargeable Drinking Water Dispenser Pump for 20 Liter Bottle Can with USB Charging Cable (Assorted Color),"Performance of unit and charging  We have purchased two unit based on performance level not to satisfaction noted on your site by vendor. However, unit water discharge tube area water leakage plus charging of battery not working.","satisf, performance",Negative
Automatic Wireless Electric Rechargeable Drinking Water Dispenser Pump for 20 Liter Bottle Can with USB Charging Cable (Assorted Color),Product charging unit damaged  Have charged only twice and USB charging unit is gone,product,Negative
Automatic Wireless Electric Rechargeable Drinking Water Dispenser Pump for 20 Liter Bottle Can with USB Charging Cable (Assorted Color),Damaged in pipe line  Bad and chip quality we need the changeg,quality,Negative
Automatic Wireless Electric Rechargeable Drinking Water Dispenser Pump for 20 Liter Bottle Can with USB Charging Cable (Assorted Color),Satyam jha  Very bad quality products for snapdeal,"deal, product, quality",Negative
Automatic Wireless Electric Rechargeable Drinking Water Dispenser Pump for 20 Liter Bottle Can with USB Charging Cable (Assorted Color),"Auto Drinking water dispenser It's very cute ,and easy to install, reachable , safe from contaminated hands...just switch on top of dispenser, get drinking water... freely.. S read more",easy,Positive
Automatic Wireless Electric Rechargeable Drinking Water Dispenser Pump for 20 Liter Bottle Can with USB Charging Cable (Assorted Color),Worst  Worst product . Within a week product product was not working,product,Negative
Automatic Wireless Electric Rechargeable Drinking Water Dispenser Pump for 20 Liter Bottle Can with USB Charging Cable (Assorted Color),"Leak at the spout .  Water trickling from the metal pipe when inserted ,found the rubber ring damaged and below the metal pipe on the body corner also water droplets leaking.",None,Negative
Automatic Wireless Electric Rechargeable Drinking Water Dispenser Pump for 20 Liter Bottle Can with USB Charging Cable (Assorted Color),Battery not working  Product not charging properly. Damged piece from supplier,product,Neutral
Automatic Wireless Electric Rechargeable Drinking Water Dispenser Pump for 20 Liter Bottle Can with USB Charging Cable (Assorted Color),Average Quality is not good..,quality,Neutral
"Amar Push Up Bar Stand For Gym & Home Exercise, Strengthens Muscles of Arms, Abdomen and Shoulders for men and women",Very nice product  Home gym type product. Quality was very good,"product, quality",Positive
"Amar Push Up Bar Stand For Gym & Home Exercise, Strengthens Muscles of Arms, Abdomen and Shoulders for men and women","Very good.  As per my expectation I really feeling good over it, Thanks üôè",None,Positive
"Amar Push Up Bar Stand For Gym & Home Exercise, Strengthens Muscles of Arms, Abdomen and Shoulders for men and women",outstanding  material is too good,material,Positive
"Amar Push Up Bar Stand For Gym & Home Exercise, Strengthens Muscles of Arms, Abdomen and Shoulders for men and women",Loved it  Good for daily workout. Easy and comfortable to use.,"comfort, easy",Positive
"Amar Push Up Bar Stand For Gym & Home Exercise, Strengthens Muscles of Arms, Abdomen and Shoulders for men and women",BEST QUALITY  PERFECT FOR HOME GYM,quality,Positive
"Amar Push Up Bar Stand For Gym & Home Exercise, Strengthens Muscles of Arms, Abdomen and Shoulders for men and women",Good one  Amazing Quality of the bar good for daily workout,quality,Positive
"Amar Push Up Bar Stand For Gym & Home Exercise, Strengthens Muscles of Arms, Abdomen and Shoulders for men and women",good for workout  vrey usefulll for chest and arm workout,useful,Positive
"Amar Push Up Bar Stand For Gym & Home Exercise, Strengthens Muscles of Arms, Abdomen and Shoulders for men and women",Product  nice product and Comfortable . high Stability,"comfort, product",Positive
"Amar Push Up Bar Stand For Gym & Home Exercise, Strengthens Muscles of Arms, Abdomen and Shoulders for men and women",good for pushup bars  i trully recommended to others,None,Positive
"Amar Push Up Bar Stand For Gym & Home Exercise, Strengthens Muscles of Arms, Abdomen and Shoulders for men and women",Quality is very good  Very light weight and very good quality,"weight, quality",Positive
"Double Spring Tummy Trimmer for Abs Exerciser,Body Toner and Fat Buster| For Men and Women",Amazing One  Quality is so good and very Easy to use,"easy, quality",Positive
"Double Spring Tummy Trimmer for Abs Exerciser,Body Toner and Fat Buster| For Men and Women",quality is good  must buy this tummy trimmer as it works really good,quality,Positive
"Double Spring Tummy Trimmer for Abs Exerciser,Body Toner and Fat Buster| For Men and Women",Amazing quality  must buy the trimmer,quality,Positive
"Double Spring Tummy Trimmer for Abs Exerciser,Body Toner and Fat Buster| For Men and Women",Amazing Product  the spring is also very good and very easy to use,"product, easy",Positive
"Double Spring Tummy Trimmer for Abs Exerciser,Body Toner and Fat Buster| For Men and Women",Best quality  Thanks for you Snapdeal,"deal, quality",Positive
"Double Spring Tummy Trimmer for Abs Exerciser,Body Toner and Fat Buster| For Men and Women",Awesome Quality  Superb Quality. easy to use . must buy. very helpful go for it,"easy, quality",Positive
"Double Spring Tummy Trimmer for Abs Exerciser,Body Toner and Fat Buster| For Men and Women",Perfect product. excellent finishing  Lovely. i fell very well to buy this product,product,Positive
"Double Spring Tummy Trimmer for Abs Exerciser,Body Toner and Fat Buster| For Men and Women",Really very good  So happy must buy guys worth of money üëåüëå,worth,Positive
"Double Spring Tummy Trimmer for Abs Exerciser,Body Toner and Fat Buster| For Men and Women","spring is great and product is also amazinng  That""s product big spring not small spring like other sellers. this seller is great",product,Positive
"Double Spring Tummy Trimmer for Abs Exerciser,Body Toner and Fat Buster| For Men and Women",Quality is good  Amazing product good for daily home gym,"product, quality",Positive
Next Queen-1500 Liter Watt Stainless Steel Electric Kettle,Super  Superrrrrrrrrr,None,Positive
Next Queen-1500 Liter Watt Stainless Steel Electric Kettle,Good quality  Good quality..working fine,quality,Positive
Next Queen-1500 Liter Watt Stainless Steel Electric Kettle,Gd product  Very good kettle bbut wire is to shot other wise very ggd,product,Positive
Next Queen-1500 Liter Watt Stainless Steel Electric Kettle,Very efficient item  Till date no issue. Working efficiently.,item,Positive
Next Queen-1500 Liter Watt Stainless Steel Electric Kettle,Good Product  I am using this from last 2 years Still it is working fine,product,Positive
Next Queen-1500 Liter Watt Stainless Steel Electric Kettle,Worth the money  Cheap and worthy,worth,Positive
Next Queen-1500 Liter Watt Stainless Steel Electric Kettle,"Mar 28, 2016Excellent Productgood product. I am using it since 4 month. Value for money.",product,Positive
Next Queen-1500 Liter Watt Stainless Steel Electric Kettle,"Dec 13, 2022Gd productVery good kettle bbut wire is to shot other wise very ggd",product,Positive
Next Queen-1500 Liter Watt Stainless Steel Electric Kettle,"Electrical kettle  Very good appliances, quality products with great discount","product, quality",Positive
Next Queen-1500 Liter Watt Stainless Steel Electric Kettle,"May 07, 2016Good Productit is a good product.",product,Positive
sweat BELT hot shapers hot shaper sauna tummy trimmer slimming belt,Awesome product  Best for weight loss and exercise,"product, weight",Positive
sweat BELT hot shapers hot shaper sauna tummy trimmer slimming belt,Best product  Super service,"service, product",Positive
sweat BELT hot shapers hot shaper sauna tummy trimmer slimming belt,GOOD BELT  GOOD HOT SHAPER,None,Positive
sweat BELT hot shapers hot shaper sauna tummy trimmer slimming belt,Nice product  Fast delivery,"product, delivery",Positive
sweat BELT hot shapers hot shaper sauna tummy trimmer slimming belt,EXCELLENT HOT SHARPER  EXCELLENT HOT SHARPER,sharper,Positive
sweat BELT hot shapers hot shaper sauna tummy trimmer slimming belt,GOOD HOT SHARPER  GOOD HOT SHARPER,sharper,Positive
sweat BELT hot shapers hot shaper sauna tummy trimmer slimming belt,Nice products  Nice products,product,Positive
sweat BELT hot shapers hot shaper sauna tummy trimmer slimming belt,Product  Product is of good quality,"product, quality",Positive
sweat BELT hot shapers hot shaper sauna tummy trimmer slimming belt,good hot sharper  good hot sharper,sharper,Positive
UNICAL Shock Resistant Cable Protector for Smartphones and Tablets ( Multicolor ),best Delivery time  very good and best,delivery,Positive
UNICAL Shock Resistant Cable Protector for Smartphones and Tablets ( Multicolor ),Bad quality  Not up to the mark,quality,Negative
UNICAL Shock Resistant Cable Protector for Smartphones and Tablets ( Multicolor ),UNICAL Shock Resistant Cable Protector  worth for the money,worth,Negative
UNICAL Shock Resistant Cable Protector for Smartphones and Tablets ( Multicolor ),Very nice  Quality very nice,quality,Positive
UNICAL Shock Resistant Cable Protector for Smartphones and Tablets ( Multicolor ),Super nice  Super gold,None,Positive
UNICAL Shock Resistant Cable Protector for Smartphones and Tablets ( Multicolor ),"Not good  Meterial very soft&size not correct,not use full",size,Negative
UNICAL Shock Resistant Cable Protector for Smartphones and Tablets ( Multicolor ),Best product with low cost  It's genuinely a good product in this price range. In this price you can't get anywhere this product.,"product, price",Positive
UNICAL Shock Resistant Cable Protector for Smartphones and Tablets ( Multicolor ),Nice product  Very protected cable product,product,Positive
UNICAL Shock Resistant Cable Protector for Smartphones and Tablets ( Multicolor ),Nice Product  Bhut Acha hai,product,Positive
UNICAL Shock Resistant Cable Protector for Smartphones and Tablets ( Multicolor ),Very reasonably priced good quality item.  Very useful for mobile charger and other small adopters. Recommend for use to protect charging cables.,"item, useful, price, quality",Positive
dust n shine Multicolor Stainless Steel Steal scrubber pack of 12 ( Set of 12 ),Poor quality Very poor quality üò¢,quality,Negative
dust n shine Multicolor Stainless Steel Steal scrubber pack of 12 ( Set of 12 ),Stainless steel cloth pack It's really awesome product....great üëå I recommend everyone to go for it...good purchase üëçüëçüëç,"product, pack, cloth",Positive
dust n shine Multicolor Stainless Steel Steal scrubber pack of 12 ( Set of 12 ),Bad product  Bad product,product,Negative
dust n shine Multicolor Stainless Steel Steal scrubber pack of 12 ( Set of 12 ),WORTHLESS PRODUCT  This product is nothing more than a piece of rag!!!,"worth, product",Negative
dust n shine Multicolor Stainless Steel Steal scrubber pack of 12 ( Set of 12 ),Poor quality  Very poor quality üò¢,quality,Negative
dust n shine Multicolor Stainless Steel Steal scrubber pack of 12 ( Set of 12 ),Poor quality  Very poor quality,quality,Negative
dust n shine Multicolor Stainless Steel Steal scrubber pack of 12 ( Set of 12 ),Just a cloth can not rubb the utensils  Not satisfied,"satisf, cloth",Negative
dust n shine Multicolor Stainless Steel Steal scrubber pack of 12 ( Set of 12 ),Poor quality and size  Bad product not good for wash the utensils,"size, product, quality",Negative
dust n shine Multicolor Stainless Steel Steal scrubber pack of 12 ( Set of 12 ),Very bad quality  Product quality very bad,"product, quality",Negative
Dealcrox-Digital Display 0.1 g to 200 g Mini Pocket Weight Scale Measurement Jewellery Weighing Machine (Multicolor),Dealcrox Digital display mini weighing instrument Very Convenient to carry in purse.Good Piece BUT OLD & DEFECTIVE BATTERIES.,deal,Negative
Dealcrox-Digital Display 0.1 g to 200 g Mini Pocket Weight Scale Measurement Jewellery Weighing Machine (Multicolor),Low kwality product  Not good wait proper nhi batata,product,Negative
Dealcrox-Digital Display 0.1 g to 200 g Mini Pocket Weight Scale Measurement Jewellery Weighing Machine (Multicolor),Waste  The material is very bad,material,Negative
Dealcrox-Digital Display 0.1 g to 200 g Mini Pocket Weight Scale Measurement Jewellery Weighing Machine (Multicolor),"Accuracy problem  Giving error as high as 0.3gm. Even the error becomes more, if device is placed on slightly slopy surface",None,Negative
Dealcrox-Digital Display 0.1 g to 200 g Mini Pocket Weight Scale Measurement Jewellery Weighing Machine (Multicolor),About  Bekar bilkul. Accuracy zero,None,Neutral
Dealcrox-Digital Display 0.1 g to 200 g Mini Pocket Weight Scale Measurement Jewellery Weighing Machine (Multicolor),"Jewellery mini weighting scale  Sender have to check whether this scale is working or not, the cells is not giving power. The wire to battery disconnected, hence I see it and sidore this wire, and replace with another new sales, then it is working",weight,Negative
Dealcrox-Digital Display 0.1 g to 200 g Mini Pocket Weight Scale Measurement Jewellery Weighing Machine (Multicolor),Not working as Instruction inside the package  Quality not satisfied me,"satisf, pack, quality",Negative
Dealcrox-Digital Display 0.1 g to 200 g Mini Pocket Weight Scale Measurement Jewellery Weighing Machine (Multicolor),Not good  Average product,product,Negative
Dealcrox-Digital Display 0.1 g to 200 g Mini Pocket Weight Scale Measurement Jewellery Weighing Machine (Multicolor),Sycko  Good product,product,Positive
Dealcrox-Digital Display 0.1 g to 200 g Mini Pocket Weight Scale Measurement Jewellery Weighing Machine (Multicolor),"Accuracy problem Giving error as high as 0.3gm. Even the error becomes more, if device is placed on slightly slopy surface",None,Negative
"Nutriley Muscle Gainer Capsules, Mass Gainer, Increase Muscle Mass & Strength, 60 Capsules",Good product üëåüëç  The product is very awesome. All the ingredients are natural and effective,product,Positive
"Nutriley Muscle Gainer Capsules, Mass Gainer, Increase Muscle Mass & Strength, 60 Capsules",nice result  very good product,product,Positive
"Nutriley Muscle Gainer Capsules, Mass Gainer, Increase Muscle Mass & Strength, 60 Capsules",Nice gaining this product ‚ù§üòáüòá  amazing taste and quality is good Best mass gainer,"product, quality",Positive
"Nutriley Muscle Gainer Capsules, Mass Gainer, Increase Muscle Mass & Strength, 60 Capsules",best product  this is very super product good taste,product,Positive
"Nutriley Muscle Gainer Capsules, Mass Gainer, Increase Muscle Mass & Strength, 60 Capsules",very power full product  very nice product . give me better result for me,product,Positive
"Nutriley Muscle Gainer Capsules, Mass Gainer, Increase Muscle Mass & Strength, 60 Capsules",nice product  Nutriley un flavoured Mass Gainer is a really effective product ...‚úî‚úî‚úîüëå,product,Positive
"Nutriley Muscle Gainer Capsules, Mass Gainer, Increase Muscle Mass & Strength, 60 Capsules",best product  help me to gain wait,product,Positive
"Nutriley Muscle Gainer Capsules, Mass Gainer, Increase Muscle Mass & Strength, 60 Capsules",excellent  Good quality it's Awesome. it's useful to me good results thank u,"useful, quality",Positive
"Nutriley Muscle Gainer Capsules, Mass Gainer, Increase Muscle Mass & Strength, 60 Capsules",very nice product  Nutriley un flavoured Mass Gainer is amamzing product üíñüíñüíñüíñ,product,Positive
"Nutriley Muscle Gainer Capsules, Mass Gainer, Increase Muscle Mass & Strength, 60 Capsules",this amazing  wow amzaing product am so happy,product,Positive
BLUE-46Pcs Wrench Socket Screwdriver Set For Car/Motorcycle & Home Repairing Tool Kit,"EXCELLENT  NICE PRODUCT , VERY USEFULL , EASY TO USE","useful, product, easy",Positive
BLUE-46Pcs Wrench Socket Screwdriver Set For Car/Motorcycle & Home Repairing Tool Kit,good product  nice deal good qulity,"deal, product",Positive
BLUE-46Pcs Wrench Socket Screwdriver Set For Car/Motorcycle & Home Repairing Tool Kit,Amazing product. Fast delivery  Received the product in just 1 day. amazing packaging and build quality.,"product, pack, delivery, quality",Positive
BLUE-46Pcs Wrench Socket Screwdriver Set For Car/Motorcycle & Home Repairing Tool Kit,nice product  thankyou snapdeal,"deal, product",Positive
BLUE-46Pcs Wrench Socket Screwdriver Set For Car/Motorcycle & Home Repairing Tool Kit,GREAT PRODUCT  COMPACT USEFULL CAR KIT,"useful, product",Positive
BLUE-46Pcs Wrench Socket Screwdriver Set For Car/Motorcycle & Home Repairing Tool Kit,Tool kit  Best item in cheep rate,item,Positive
BLUE-46Pcs Wrench Socket Screwdriver Set For Car/Motorcycle & Home Repairing Tool Kit,"Everything  Very good üëç product,",product,Positive
BLUE-46Pcs Wrench Socket Screwdriver Set For Car/Motorcycle & Home Repairing Tool Kit,Awesome product Thanks Snapdeal  Thanks Snapdeal,"deal, product",Positive
BLUE-46Pcs Wrench Socket Screwdriver Set For Car/Motorcycle & Home Repairing Tool Kit,Nice Product  Nice Quality Thanks Snapdeal,"deal, product, quality",Positive
BLUE-46Pcs Wrench Socket Screwdriver Set For Car/Motorcycle & Home Repairing Tool Kit,best qulity  good qulity best,None,Positive
"Dynore Stainless Steel 2 in 1 Partition Plate for Kitchen Serving, 22cm Length per unit, (Pack of 6)",Paise ke according poor quality hai..  Poor quality n very light in weight,"weight, quality",Negative
"Dynore Stainless Steel 2 in 1 Partition Plate for Kitchen Serving, 22cm Length per unit, (Pack of 6)",It‚Äôs okay  Ok its okay,None,Positive
"Dynore Stainless Steel 2 in 1 Partition Plate for Kitchen Serving, 22cm Length per unit, (Pack of 6)",Paise ke according poor quality hai.. Poor quality n very light in weight,"weight, quality",Negative
"Dynore Stainless Steel 2 in 1 Partition Plate for Kitchen Serving, 22cm Length per unit, (Pack of 6)",Ok for low price  Ok for such price,price,Positive
"Dynore Stainless Steel 2 in 1 Partition Plate for Kitchen Serving, 22cm Length per unit, (Pack of 6)",Good buy.  Value for money. Excellent product.,product,Positive
"Dynore Stainless Steel 2 in 1 Partition Plate for Kitchen Serving, 22cm Length per unit, (Pack of 6)",Steel tiffen plates  Good and useful product.a bit bigger size is required,"size, useful, product",Positive
"Dynore Stainless Steel 2 in 1 Partition Plate for Kitchen Serving, 22cm Length per unit, (Pack of 6)",Steel partition plate  Stainless steel partitionüëåplate 2in 1,None,Neutral
"Dynore Stainless Steel 2 in 1 Partition Plate for Kitchen Serving, 22cm Length per unit, (Pack of 6)",Steel partition plate Stainless steel partitionüëåplate 2in 1,None,Neutral
"Dynore Stainless Steel 2 in 1 Partition Plate for Kitchen Serving, 22cm Length per unit, (Pack of 6)",Two in one plates  Reasonably worth the value.,worth,Positive
"Dynore Stainless Steel 2 in 1 Partition Plate for Kitchen Serving, 22cm Length per unit, (Pack of 6)","Unhaapy  Very thin material,the plates gets dents very easily",material,Positive
